title,printed_start,pdf_start,coverage
Preliminaries: Quadrics,734,749,"covered by quadric rank, linear system, Plucker/Klein, line complex, Kummer, configuration, group-law, or rationality scaffold"
Rank of a Quadric,734,749,"covered by quadric rank, linear system, Plucker/Klein, line complex, Kummer, configuration, group-law, or rationality scaffold"
Linear Spaces on Quadrics,735,750,"covered by quadric rank, linear system, Plucker/Klein, line complex, Kummer, configuration, group-law, or rationality scaffold"
Linear Systems of Quadrics,741,756,"covered by quadric rank, linear system, Plucker/Klein, line complex, Kummer, configuration, group-law, or rationality scaffold"
Lines on Linear Systems of Quadrics,746,761,"covered by quadric rank, linear system, Plucker/Klein, line complex, Kummer, configuration, group-law, or rationality scaffold"
The Problem of Five Conies,749,764,"covered by quadric rank, linear system, Plucker/Klein, line complex, Kummer, configuration, group-law, or rationality scaffold"
The Quadric Line Complex: Introduction,756,771,"covered by quadric rank, linear system, Plucker/Klein, line complex, Kummer, configuration, group-law, or rationality scaffold"
"Geometry of the Grassmannian G(2,4)",756,771,"covered by quadric rank, linear system, Plucker/Klein, line complex, Kummer, configuration, group-law, or rationality scaffold"
Line Complexes,759,774,"covered by quadric rank, linear system, Plucker/Klein, line complex, Kummer, configuration, group-law, or rationality scaffold"
The Quadric Line Complex and Associated Kummer Surface I,762,777,"covered by quadric rank, linear system, Plucker/Klein, line complex, Kummer, configuration, group-law, or rationality scaffold"
Singular Lines of the Quadric Line Complex,767,782,"covered by quadric rank, linear system, Plucker/Klein, line complex, Kummer, configuration, group-law, or rationality scaffold"
Two Configurations,773,788,"covered by quadric rank, linear system, Plucker/Klein, line complex, Kummer, configuration, group-law, or rationality scaffold"
Lines on the Quadric Line Complex,778,793,"covered by quadric rank, linear system, Plucker/Klein, line complex, Kummer, configuration, group-law, or rationality scaffold"
The Variety of Lines on the Quadric Line Complex,778,793,"covered by quadric rank, linear system, Plucker/Klein, line complex, Kummer, configuration, group-law, or rationality scaffold"
Curves on the Variety of Lines,780,795,"covered by quadric rank, linear system, Plucker/Klein, line complex, Kummer, configuration, group-law, or rationality scaffold"
Two Configurations Revisited,784,799,"covered by quadric rank, linear system, Plucker/Klein, line complex, Kummer, configuration, group-law, or rationality scaffold"
The Group Law,787,802,"covered by quadric rank, linear system, Plucker/Klein, line complex, Kummer, configuration, group-law, or rationality scaffold"
The Quadric Line Complex: Reprise,791,806,"covered by quadric rank, linear system, Plucker/Klein, line complex, Kummer, configuration, group-law, or rationality scaffold"
The Quadric Line Complex and Associated Kummer Surface II,791,806,"covered by quadric rank, linear system, Plucker/Klein, line complex, Kummer, configuration, group-law, or rationality scaffold"
Rationality of the Quadric Line Complex,796,811,"covered by quadric rank, linear system, Plucker/Klein, line complex, Kummer, configuration, group-law, or rationality scaffold"
